{
  "accuracy": 0.8329938900203666,
  "f1_weighted": 0.8307583595502753,
  "f1_per_class": [
    0.8791208791208791,
    0.9132947976878613,
    0.8031496062992126,
    0.7913669064748201,
    0.863013698630137,
    0.7770700636942676,
    0.7954545454545454,
    0.819672131147541
  ],
  "confusion_matrix": [
    [
      40,
      3,
      1,
      1,
      0,
      1,
      0,
      0
    ],
    [
      1,
      79,
      1,
      0,
      0,
      0,
      0,
      0
    ],
    [
      0,
      6,
      51,
      2,
      4,
      5,
      0,
      3
    ],
    [
      0,
      3,
      0,
      55,
      3,
      6,
      1,
      0
    ],
    [
      0,
      0,
      0,
      0,
      63,
      1,
      1,
      1
    ],
    [
      1,
      1,
      1,
      12,
      2,
      61,
      2,
      1
    ],
    [
      1,
      0,
      1,
      1,
      8,
      1,
      35,
      2
    ],
    [
      2,
      0,
      1,
      0,
      0,
      1,
      0,
      25
    ]
  ],
  "avg_loss": 0.8007795711859099
}